header,protein,sp,description,group,new.header
AGH27928.1 putative sporulation sigma factor [Clostridium phage vB_CpeS-CP51],AGH27928.1,Clostridium phage vB_CpeS-CP51,putative sporulation sigma factor,phage,AGH27928.1_phage
ADL40362.1 putative RNA polymerase sigma factor [Clostridium phage phiCTP1],ADL40362.1,Clostridium phage phiCTP1,putative RNA polymerase sigma factor,phage,ADL40362.1_phage
AAL96802.1 putative sigma factor [Clostridium phage phi3626],AAL96802.1,Clostridium phage phi3626,putative sigma factor,phage,AAL96802.1_phage
ABC40436.1 putative RNA polymerase sigma subunit [Bacillus virus Wbeta],ABC40436.1,Bacillus virus Wbeta,putative RNA polymerase sigma subunit,phage,ABC40436.1_phage
AGE60961.1 RNA polymerase sigma-70 factor [Bacillus virus Taylor],AGE60961.1,Bacillus virus Taylor,RNA polymerase sigma-70 factor,phage,AGE60961.1_phage
AEO93340.1 gp69 [Bacillus virus G],AEO93340.1,Bacillus virus G,gp69,phage,AEO93340.1_phage
AGE60807.1 RNA polymerase sigma-70 factor [Bacillus virus Eoghan],AGE60807.1,Bacillus virus Eoghan,RNA polymerase sigma-70 factor,phage,AGE60807.1_phage
ALO79609.1 sigma70 protein [Bacillus virus BM15],ALO79609.1,Bacillus virus BM15,sigma70 protein,phage,ALO79609.1_phage
AGY46846.1 RNA polymerase sigma-70 factor [Bacillus virus Blastoid],AGY46846.1,Bacillus virus Blastoid,RNA polymerase sigma-70 factor,phage,AGY46846.1_phage
AMW62487.1 sigma factor [Bacillus phage Zuko],AMW62487.1,Bacillus phage Zuko,sigma factor,phage,AMW62487.1_phage
ASR79140.1 RNA polymerase sigma factor [Bacillus phage Zainny],ASR79140.1,Bacillus phage Zainny,RNA polymerase sigma factor,phage,ASR79140.1_phage
ADH03291.1 gp145 [Bacillus phage W.Ph.],ADH03291.1,Bacillus phage W.Ph.,gp145,phage,ADH03291.1_phage
AMW61966.1 sigma factor [Bacillus phage Vinny],AMW61966.1,Bacillus phage Vinny,sigma factor,phage,AMW61966.1_phage
QDP43184.1 putative RNA polymerase sigma-70 [Bacillus phage vB_BveM-Goe7],QDP43184.1,Bacillus phage vB_BveM-Goe7,putative RNA polymerase sigma-70,phage,QDP43184.1_phage
AZF89309.1 RNA polymerase sigma factor [Bacillus phage vB_BthM-Goe5],AZF89309.1,Bacillus phage vB_BthM-Goe5,RNA polymerase sigma factor,phage,AZF89309.1_phage
APZ82618.1 RNA polymerase sigma factor [Bacillus phage vB_BsuM-Goe3],APZ82618.1,Bacillus phage vB_BsuM-Goe3,RNA polymerase sigma factor,phage,APZ82618.1_phage
QEG13663.1 putative RNA polymerase sigma factor [Bacillus phage vB_BspM_MarvelLand],QEG13663.1,Bacillus phage vB_BspM_MarvelLand,putative RNA polymerase sigma factor,phage,QEG13663.1_phage
QEG13664.1 putative RNA polymerase sigma 28 subunit SigG [Bacillus phage vB_BspM_MarvelLand],QEG13664.1,Bacillus phage vB_BspM_MarvelLand,putative RNA polymerase sigma 28 subunit SigG,phage,QEG13664.1_phage
QDP42942.1 RNA polymerase sigma factor [Bacillus phage vB_BmeM-Goe8],QDP42942.1,Bacillus phage vB_BmeM-Goe8,RNA polymerase sigma factor,phage,QDP42942.1_phage
QDP42999.1 RNA polymerase sigma factor [Bacillus phage vB_BmeM-Goe8],QDP42999.1,Bacillus phage vB_BmeM-Goe8,RNA polymerase sigma factor,phage,QDP42999.1_phage
"AFQ96417.1 RNA polymerase sigma-70 factor, sigma-B/F/G subfamily [Bacillus phage vB_BceM_Bc431v3]",AFQ96417.1,Bacillus phage vB_BceM_Bc431v3,"RNA polymerase sigma-70 factor, sigma-B/F/G subfamily",phage,AFQ96417.1_phage
AFQ96418.1 putative RNA polymerase sigma factor G [Bacillus phage vB_BceM_Bc431v3],AFQ96418.1,Bacillus phage vB_BceM_Bc431v3,putative RNA polymerase sigma factor G,phage,AFQ96418.1_phage
ALA13223.1 RNA polymerase sigma factor [Bacillus phage TsarBomba],ALA13223.1,Bacillus phage TsarBomba,RNA polymerase sigma factor,phage,ALA13223.1_phage
ALA13222.1 RNA polymerase sigma factor [Bacillus phage TsarBomba],ALA13222.1,Bacillus phage TsarBomba,RNA polymerase sigma factor,phage,ALA13222.1_phage
"AGT13480.1 RNA polymerase, SigF-like [Bacillus phage Troll]",AGT13480.1,Bacillus phage Troll,"RNA polymerase, SigF-like",phage,AGT13480.1_phage
QLF85884.1 RNA polymerase sigma factor [Bacillus phage Tomato],QLF85884.1,Bacillus phage Tomato,RNA polymerase sigma factor,phage,QLF85884.1_phage
ASZ75934.1 SigF-like RNA polymerase sigma factor [Bacillus phage Taffo16],ASZ75934.1,Bacillus phage Taffo16,SigF-like RNA polymerase sigma factor,phage,ASZ75934.1_phage
AKC02694.1 RNA polymerase sigma factor [Bacillus phage Stills],AKC02694.1,Bacillus phage Stills,RNA polymerase sigma factor,phage,AKC02694.1_phage
AKC02726.1 RNA polymerase sigma factor [Bacillus phage Stills],AKC02726.1,Bacillus phage Stills,RNA polymerase sigma factor,phage,AKC02726.1_phage
AGY48597.1 RNA polymerase sigma factor [Bacillus phage Spock],AGY48597.1,Bacillus phage Spock,RNA polymerase sigma factor,phage,AGY48597.1_phage
BAK52932.1 RNA polymerase sigma factor [Bacillus phage SP-10],BAK52932.1,Bacillus phage SP-10,RNA polymerase sigma factor,phage,BAK52932.1_phage
ANI24840.1 RNA polymerase sigma factor [Bacillus phage Smudge],ANI24840.1,Bacillus phage Smudge,RNA polymerase sigma factor,phage,ANI24840.1_phage
AGY48388.1 RNA polymerase sigma factor [Bacillus phage Slash],AGY48388.1,Bacillus phage Slash,RNA polymerase sigma factor,phage,AGY48388.1_phage
AOZ62476.1 RNA polymerase sigma factor [Bacillus phage SBP8a],AOZ62476.1,Bacillus phage SBP8a,RNA polymerase sigma factor,phage,AOZ62476.1_phage
ANH50776.1 SigF-like RNA polymerase sigma factor [Bacillus phage SalinJah],ANH50776.1,Bacillus phage SalinJah,SigF-like RNA polymerase sigma factor,phage,ANH50776.1_phage
AMW63146.1 sigma factor [Bacillus phage SageFayge],AMW63146.1,Bacillus phage SageFayge,sigma factor,phage,AMW63146.1_phage
AXF41881.1 RNA polymerase sigma factor [Bacillus phage Saddex],AXF41881.1,Bacillus phage Saddex,RNA polymerase sigma factor,phage,AXF41881.1_phage
AIF72077.1 sigF-like RNA polymerase [Bacillus phage Riley],AIF72077.1,Bacillus phage Riley,sigF-like RNA polymerase,phage,AIF72077.1_phage
AOZ62117.1 RNA polymerase sigma 28 subunit [Bacillus phage QCM8],AOZ62117.1,Bacillus phage QCM8,RNA polymerase sigma 28 subunit,phage,AOZ62117.1_phage
ASR78475.1 RNA polymerase sigma factor [Bacillus phage PPIsBest],ASR78475.1,Bacillus phage PPIsBest,RNA polymerase sigma factor,phage,ASR78475.1_phage
ANY29315.1 putative RNA polymerase sigma-70 factor [Bacillus phage PK16],ANY29315.1,Bacillus phage PK16,putative RNA polymerase sigma-70 factor,phage,ANY29315.1_phage
ANY29316.1 putative RNA polymerase sigma factor G [Bacillus phage PK16],ANY29316.1,Bacillus phage PK16,putative RNA polymerase sigma factor G,phage,ANY29316.1_phage
AMW62240.1 sigma factor [Bacillus phage Phrodo],AMW62240.1,Bacillus phage Phrodo,sigma factor,phage,AMW62240.1_phage
AEV89274.1 RNA-polymerase sigma-factor [Bacillus phage phIS3501],AEV89274.1,Bacillus phage phIS3501,RNA-polymerase sigma-factor,phage,AEV89274.1_phage
QDH49502.1 sigma factor [Bacillus phage Phireball],QDH49502.1,Bacillus phage Phireball,sigma factor,phage,QDH49502.1_phage
BAN59653.1 putative sigma factor [Bacillus phage phiNIT1],BAN59653.1,Bacillus phage phiNIT1,putative sigma factor,phage,BAN59653.1_phage
AGB62713.1 putative RNA polymerase sigma factor SigF 2 [Bacillus phage phiAGATE],AGB62713.1,Bacillus phage phiAGATE,putative RNA polymerase sigma factor SigF 2,phage,AGB62713.1_phage
AGB62714.1 putative RNA polymerase sigma factor SigF 1 [Bacillus phage phiAGATE],AGB62714.1,Bacillus phage phiAGATE,putative RNA polymerase sigma factor SigF 1,phage,AGB62714.1_phage
ALN97362.1 sigma-70 [Bacillus phage phi4I1],ALN97362.1,Bacillus phage phi4I1,sigma-70,phage,ALN97362.1_phage
ALA07697.1 putative RNA polymerase sigma 28 subunit SigF [Bacillus phage PBC6],ALA07697.1,Bacillus phage PBC6,putative RNA polymerase sigma 28 subunit SigF,phage,ALA07697.1_phage
ALA07698.1 putative RNA polymerase sigma 28 subunit SigG [Bacillus phage PBC6],ALA07698.1,Bacillus phage PBC6,putative RNA polymerase sigma 28 subunit SigG,phage,ALA07698.1_phage
ASR79669.1 RNA polymerase sigma factor [Bacillus phage OTooleKemple52],ASR79669.1,Bacillus phage OTooleKemple52,RNA polymerase sigma factor,phage,ASR79669.1_phage
AXQ67439.1 RNA polymerase sigma factor [Bacillus phage OmnioDeoPrimus],AXQ67439.1,Bacillus phage OmnioDeoPrimus,RNA polymerase sigma factor,phage,AXQ67439.1_phage
AMW63445.1 sigma factor [Bacillus phage NotTheCreek],AMW63445.1,Bacillus phage NotTheCreek,sigma factor,phage,AMW63445.1_phage
AMW61377.1 sigma factor [Bacillus phage Nigalana],AMW61377.1,Bacillus phage Nigalana,sigma factor,phage,AMW61377.1_phage
AMW63747.1 sigma factor [Bacillus phage Nemo],AMW63747.1,Bacillus phage Nemo,sigma factor,phage,AMW63747.1_phage
AIW03562.1 RNA polymerase sigma factor [Bacillus phage Moonbeam],AIW03562.1,Bacillus phage Moonbeam,RNA polymerase sigma factor,phage,AIW03562.1_phage
AIW03563.1 RNA polymerase sigma factor [Bacillus phage Moonbeam],AIW03563.1,Bacillus phage Moonbeam,RNA polymerase sigma factor,phage,AIW03563.1_phage
AHZ10802.1 RNA polymerase sigma factor [Bacillus phage Megatron],AHZ10802.1,Bacillus phage Megatron,RNA polymerase sigma factor,phage,AHZ10802.1_phage
AIW03238.1 RNA polymerase sigma factor [Bacillus phage Mater],AIW03238.1,Bacillus phage Mater,RNA polymerase sigma factor,phage,AIW03238.1_phage
AXQ67819.1 RNA polymerase sigma factor [Bacillus phage Kioshi],AXQ67819.1,Bacillus phage Kioshi,RNA polymerase sigma factor,phage,AXQ67819.1_phage
ANU79852.1 sigma factor [Bacillus phage Kida],ANU79852.1,Bacillus phage Kida,sigma factor,phage,ANU79852.1_phage
AXQ67115.1 RNA polymerase [Bacillus phage Kamfam],AXQ67115.1,Bacillus phage Kamfam,RNA polymerase,phage,AXQ67115.1_phage
AMW61625.1 sigma factor [Bacillus phage Juglone],AMW61625.1,Bacillus phage Juglone,sigma factor,phage,AMW61625.1_phage
AID17798.1 putative RNA polymerase sigma-70 factor [Bacillus phage JBP901],AID17798.1,Bacillus phage JBP901,putative RNA polymerase sigma-70 factor,phage,AID17798.1_phage
AID17799.1 putative RNA polymerase sigma factor G [Bacillus phage JBP901],AID17799.1,Bacillus phage JBP901,putative RNA polymerase sigma factor G,phage,AID17799.1_phage
ASR79696.1 RNA polymerase sigma factor [Bacillus phage Janet],ASR79696.1,Bacillus phage Janet,RNA polymerase sigma factor,phage,ASR79696.1_phage
AHZ10517.1 RNA polymerase sigma factor [Bacillus phage Hoody T],AHZ10517.1,Bacillus phage Hoody T,RNA polymerase sigma factor,phage,AHZ10517.1_phage
AUV57859.1 SigF-like RNA polymerase sigma factor [Bacillus phage HonestAbe],AUV57859.1,Bacillus phage HonestAbe,SigF-like RNA polymerase sigma factor,phage,AUV57859.1_phage
AXQ66957.1 RNA polymerase sigma factor [Bacillus phage Hobo],AXQ66957.1,Bacillus phage Hobo,RNA polymerase sigma factor,phage,AXQ66957.1_phage
AHZ10241.1 sigF-like RNA polymerase sigma factor [Bacillus phage Hakuna],AHZ10241.1,Bacillus phage Hakuna,sigF-like RNA polymerase sigma factor,phage,AHZ10241.1_phage
AGY47431.1 RNA polymerase sigma-70 factor [Bacillus phage Grass],AGY47431.1,Bacillus phage Grass,RNA polymerase sigma-70 factor,phage,AGY47431.1_phage
ABC40488.1 putative RNA polymerase sigma subunit [Bacillus phage Gamma isolate d'Herelle],ABC40488.1,Bacillus phage Gamma isolate d'Herelle,putative RNA polymerase sigma subunit,phage,ABC40488.1_phage
ARQ95128.1 SigF-like RNA polymerase sigma factor [Bacillus phage Flapjack],ARQ95128.1,Bacillus phage Flapjack,SigF-like RNA polymerase sigma factor,phage,ARQ95128.1_phage
ABA42728.1 sigma70 factor [Bacillus phage Fah],ABA42728.1,Bacillus phage Fah,sigma70 factor,phage,ABA42728.1_phage
ALA46534.1 SigF-like RNA polymerase sigma factor [Bacillus phage Eyuki],ALA46534.1,Bacillus phage Eyuki,SigF-like RNA polymerase sigma factor,phage,ALA46534.1_phage
AHZ09937.1 RNA polymerase sigma factor [Bacillus phage Evoli],AHZ09937.1,Bacillus phage Evoli,RNA polymerase sigma factor,phage,AHZ09937.1_phage
AMB18751.1 RNA polymerase sigma factor [Bacillus phage Eldridge],AMB18751.1,Bacillus phage Eldridge,RNA polymerase sigma factor,phage,AMB18751.1_phage
AMB18752.1 sporulation sigma factor SigF [Bacillus phage Eldridge],AMB18752.1,Bacillus phage Eldridge,sporulation sigma factor SigF,phage,AMB18752.1_phage
ANT41264.1 sigma factor [Bacillus phage DirtyBetty],ANT41264.1,Bacillus phage DirtyBetty,sigma factor,phage,ANT41264.1_phage
AMW62796.1 sigma factor [Bacillus phage DIGNKC],AMW62796.1,Bacillus phage DIGNKC,sigma factor,phage,AMW62796.1_phage
AMO25911.1 RNA polymerase sigma-70 factor sigma-B/F/G subfamily [Bacillus phage Deep Blue],AMO25911.1,Bacillus phage Deep Blue,RNA polymerase sigma-70 factor sigma-B/F/G subfamily,phage,AMO25911.1_phage
AMO25912.1 RNA polymerase sigma-70 factor sigma-B/F/G subfamily [Bacillus phage Deep Blue],AMO25912.1,Bacillus phage Deep Blue,RNA polymerase sigma-70 factor sigma-B/F/G subfamily,phage,AMO25912.1_phage
"ABA46386.1 RNA polymerase sigma factor, putative [Bacillus phage Cherry]",ABA46386.1,Bacillus phage Cherry,"RNA polymerase sigma factor, putative",phage,ABA46386.1_phage
AHZ09647.1 RNA polymerase sigma factor [Bacillus phage CAM003],AHZ09647.1,Bacillus phage CAM003,RNA polymerase sigma factor,phage,AHZ09647.1_phage
ASR78776.1 RNA polymerase sigma factor [Bacillus phage Bubs],ASR78776.1,Bacillus phage Bubs,RNA polymerase sigma factor,phage,ASR78776.1_phage
AUO78602.1 sigma-70 [Bacillus phage BtiUFT6.51-F],AUO78602.1,Bacillus phage BtiUFT6.51-F,sigma-70,phage,AUO78602.1_phage
AFL46426.1 RNA polymerase sigma factor [Bacillus phage BtCS33],AFL46426.1,Bacillus phage BtCS33,RNA polymerase sigma factor,phage,AFL46426.1_phage
ATN94413.1 RNA polymerase sigma 70 factor [Bacillus phage BSP9],ATN94413.1,Bacillus phage BSP9,RNA polymerase sigma 70 factor,phage,ATN94413.1_phage
AXH71210.1 putative RNA polymerase sigma factor 2 [Bacillus phage BSP38],AXH71210.1,Bacillus phage BSP38,putative RNA polymerase sigma factor 2,phage,AXH71210.1_phage
AUO79472.1 RNA polymerase sigma factor 2 [Bacillus phage BSP10],AUO79472.1,Bacillus phage BSP10,RNA polymerase sigma factor 2,phage,AUO79472.1_phage
AEZ50316.1 putative RNA polymerase sigma factor [Bacillus phage BPS13],AEZ50316.1,Bacillus phage BPS13,putative RNA polymerase sigma factor,phage,AEZ50316.1_phage
AGI12133.1 putative RNA polymerase sigma factor [Bacillus phage BPS10C],AGI12133.1,Bacillus phage BPS10C,putative RNA polymerase sigma factor,phage,AGI12133.1_phage
AHJ87681.1 putative RNA polymerase sigma factor SigF 1 [Bacillus phage Bp8p-T],AHJ87681.1,Bacillus phage Bp8p-T,putative RNA polymerase sigma factor SigF 1,phage,AHJ87681.1_phage
AHJ87680.1 putative RNA polymerase sigma factor SigF 2 [Bacillus phage Bp8p-T],AHJ87680.1,Bacillus phage Bp8p-T,putative RNA polymerase sigma factor SigF 2,phage,AHJ87680.1_phage
AHJ87470.1 putative RNA polymerase sigma factor SigF 1 [Bacillus phage Bp8p-C],AHJ87470.1,Bacillus phage Bp8p-C,putative RNA polymerase sigma factor SigF 1,phage,AHJ87470.1_phage
AHJ87469.1 putative RNA polymerase sigma factor SigF 2 [Bacillus phage Bp8p-C],AHJ87469.1,Bacillus phage Bp8p-C,putative RNA polymerase sigma factor SigF 2,phage,AHJ87469.1_phage
AII27990.1 RNA polymerase sigma factor [Bacillus phage Bobb],AII27990.1,Bacillus phage Bobb,RNA polymerase sigma factor,phage,AII27990.1_phage
AII27989.1 RNA polymerase sigma factor [Bacillus phage Bobb],AII27989.1,Bacillus phage Bobb,RNA polymerase sigma factor,phage,AII27989.1_phage
AOZ61848.1 RNA polymerase sigma factor [Bacillus phage BJ4],AOZ61848.1,Bacillus phage BJ4,RNA polymerase sigma factor,phage,AOZ61848.1_phage
AGY46709.1 RNA polymerase sigma factor [Bacillus phage BigBertha],AGY46709.1,Bacillus phage BigBertha,RNA polymerase sigma factor,phage,AGY46709.1_phage
QDH49898.1 sigma factor [Bacillus phage Beyonphe],QDH49898.1,Bacillus phage Beyonphe,sigma factor,phage,QDH49898.1_phage
ANM46154.1 RNA polymerase sigma factor [Bacillus phage Belinda],ANM46154.1,Bacillus phage Belinda,RNA polymerase sigma factor,phage,ANM46154.1_phage
AEW47604.1 putative RNA polymerase sigma 28 subunit SigF [Bacillus phage BCU4],AEW47604.1,Bacillus phage BCU4,putative RNA polymerase sigma 28 subunit SigF,phage,AEW47604.1_phage
AEW47605.1 putative RNA polymerase sigma 28 subunit SigG [Bacillus phage BCU4],AEW47605.1,Bacillus phage BCU4,putative RNA polymerase sigma 28 subunit SigG,phage,AEW47605.1_phage
"AHJ87163.1 putative RNA polymerase sigma-70 factor, sigma-B/F/G subfamily [Bacillus phage BCP8-2]",AHJ87163.1,Bacillus phage BCP8-2,"putative RNA polymerase sigma-70 factor, sigma-B/F/G subfamily",phage,AHJ87163.1_phage
AHJ87164.1 putative RNA polymerase sigma factor G [Bacillus phage BCP8-2],AHJ87164.1,Bacillus phage BCP8-2,putative RNA polymerase sigma factor G,phage,AHJ87164.1_phage
AEW47115.1 putative RNA polymerase sigma 28 subunit SigF [Bacillus phage BCP78],AEW47115.1,Bacillus phage BCP78,putative RNA polymerase sigma 28 subunit SigF,phage,AEW47115.1_phage
AEW47116.1 putative RNA polymerase sigma 28 subunit SigG [Bacillus phage BCP78],AEW47116.1,Bacillus phage BCP78,putative RNA polymerase sigma 28 subunit SigG,phage,AEW47116.1_phage
AQN32486.1 RNA polymerase sporulation specific sigma factor SigF [Bacillus phage BCP12],AQN32486.1,Bacillus phage BCP12,RNA polymerase sporulation specific sigma factor SigF,phage,AQN32486.1_phage
AQN32487.1 RNA polymerase sporulation specific sigma factor SigG [Bacillus phage BCP12],AQN32487.1,Bacillus phage BCP12,RNA polymerase sporulation specific sigma factor SigG,phage,AQN32487.1_phage
"AHN66674.1 RNA polymerase sigma-70 factor, sigma-B/F/G subfamily [Bacillus phage Bcp1]",AHN66674.1,Bacillus phage Bcp1,"RNA polymerase sigma-70 factor, sigma-B/F/G subfamily",phage,AHN66674.1_phage
AUM58962.1 DNA replication/modification protein [Bacillus phage BCP01],AUM58962.1,Bacillus phage BCP01,DNA replication/modification protein,phage,AUM58962.1_phage
AUM58961.1 DNA replication/modification protein [Bacillus phage BCP01],AUM58961.1,Bacillus phage BCP01,DNA replication/modification protein,phage,AUM58961.1_phage
"CCE73875.1 sigma70, RNA polymerase sigma factor [Bacillus phage BceA1]",CCE73875.1,Bacillus phage BceA1,"sigma70, RNA polymerase sigma factor",phage,CCE73875.1_phage
AXU41211.1 RNA polymerase sigma factor [Bacillus phage BC01],AXU41211.1,Bacillus phage BC01,RNA polymerase sigma factor,phage,AXU41211.1_phage
AXU41213.1 RNA polymerase sigma factor [Bacillus phage BC01],AXU41213.1,Bacillus phage BC01,RNA polymerase sigma factor,phage,AXU41213.1_phage
QEG04258.1 putative RNA polymerase sigma 28 subunit [Bacillus phage BC-T25],QEG04258.1,Bacillus phage BC-T25,putative RNA polymerase sigma 28 subunit,phage,QEG04258.1_phage
QEG04257.1 RNA polymerase sigma factor [Bacillus phage BC-T25],QEG04257.1,Bacillus phage BC-T25,RNA polymerase sigma factor,phage,QEG04257.1_phage
AEQ34342.1 RNA polymerase sigma-F factor [Bacillus phage Bastille],AEQ34342.1,Bacillus phage Bastille,RNA polymerase sigma-F factor,phage,AEQ34342.1_phage
AEW47372.1 putative RNA polymerase sigma 28 subunit SigF [Bacillus phage B5S],AEW47372.1,Bacillus phage B5S,putative RNA polymerase sigma 28 subunit SigF,phage,AEW47372.1_phage
AEZ65936.1 sporulation sigma factor SigF-like protein [Bacillus phage B4],AEZ65936.1,Bacillus phage B4,sporulation sigma factor SigF-like protein,phage,AEZ65936.1_phage
ALA13372.1 SigF-like RNA polymerase sigma factor [Bacillus phage AvesoBmore],ALA13372.1,Bacillus phage AvesoBmore,SigF-like RNA polymerase sigma factor,phage,ALA13372.1_phage
AZF88386.1 putative RNA polymerase sigma subunit [Bacillus phage AP631],AZF88386.1,Bacillus phage AP631,putative RNA polymerase sigma subunit,phage,AZF88386.1_phage
ASU01064.1 RNA polymerase sigma factor [Bacillus phage Anthony],ASU01064.1,Bacillus phage Anthony,RNA polymerase sigma factor,phage,ASU01064.1_phage
QDH50209.1 sigma factor [Bacillus phage ALPS],QDH50209.1,Bacillus phage ALPS,sigma factor,phage,QDH50209.1_phage
ASR78944.1 RNA polymerase sigma factor [Bacillus phage AaronPhadgers],ASR78944.1,Bacillus phage AaronPhadgers,RNA polymerase sigma factor,phage,ASR78944.1_phage
QFG05971.1 RNA polymerase sigma factor [Bacillus phage 280BB001],QFG05971.1,Bacillus phage 280BB001,RNA polymerase sigma factor,phage,QFG05971.1_phage
QFG05890.1 RNA polymerase sigma factor [Bacillus phage 276BB001],QFG05890.1,Bacillus phage 276BB001,RNA polymerase sigma factor,phage,QFG05890.1_phage
QFR56516.1 RNA polymerase sigma factor [Bacillus phage 056SW001B],QFR56516.1,Bacillus phage 056SW001B,RNA polymerase sigma factor,phage,QFR56516.1_phage
QFG05277.1 RNA polymerase sigma factor [Bacillus phage 019DV004],QFG05277.1,Bacillus phage 019DV004,RNA polymerase sigma factor,phage,QFG05277.1_phage
QFG05192.1 RNA polymerase sigma factor [Bacillus phage 019DV002],QFG05192.1,Bacillus phage 019DV002,RNA polymerase sigma factor,phage,QFG05192.1_phage
WP_001030417.1 RNA polymerase sigma factor FliA [Vibrio cholerae],WP_001030417.1,Vibrio cholerae,RNA polymerase sigma factor FliA,bacteria,WP_001030417.1_bacteria
WP_000184359.1 MULTISPECIES: RNA polymerase sigma factor RpoH [Vibrio],WP_000184359.1,Vibrio,MULTISPECIES: RNA polymerase sigma factor RpoH,bacteria,WP_000184359.1_bacteria
WP_000116737.1 RNA polymerase sigma factor RpoS [Vibrio cholerae],WP_000116737.1,Vibrio cholerae,RNA polymerase sigma factor RpoS,bacteria,WP_000116737.1_bacteria
WP_000372618.1 MULTISPECIES: RNA polymerase sigma factor RpoD [Vibrio],WP_000372618.1,Vibrio,MULTISPECIES: RNA polymerase sigma factor RpoD,bacteria,WP_000372618.1_bacteria
WP_014342819.1 RNA polymerase sigma factor WhiG [Treponema pallidum],WP_014342819.1,Treponema pallidum,RNA polymerase sigma factor WhiG,bacteria,WP_014342819.1_bacteria
WP_010882456.1 RNA polymerase sigma factor RpoD/SigA [Treponema pallidum],WP_010882456.1,Treponema pallidum,RNA polymerase sigma factor RpoD/SigA,bacteria,WP_010882456.1_bacteria
WP_010881942.1 RNA polymerase sigma factor RpoD [Treponema pallidum],WP_010881942.1,Treponema pallidum,RNA polymerase sigma factor RpoD,bacteria,WP_010881942.1_bacteria
WP_004081373.1 MULTISPECIES: sigma-70 family RNA polymerase sigma factor [Thermotoga],WP_004081373.1,Thermotoga,MULTISPECIES: sigma-70 family RNA polymerase sigma factor,bacteria,WP_004081373.1_bacteria
WP_004080667.1 FliA/WhiG family RNA polymerase sigma factor [Thermotoga maritima],WP_004080667.1,Thermotoga maritima,FliA/WhiG family RNA polymerase sigma factor,bacteria,WP_004080667.1_bacteria
WP_004081730.1 MULTISPECIES: RNA polymerase sigma factor RpoD [Thermotoga],WP_004081730.1,Thermotoga,MULTISPECIES: RNA polymerase sigma factor RpoD,bacteria,WP_004081730.1_bacteria
WP_011244805.1 MULTISPECIES: RNA polymerase sigma factor SigF [Synechococcus],WP_011244805.1,Synechococcus,MULTISPECIES: RNA polymerase sigma factor SigF,bacteria,WP_011244805.1_bacteria
WP_011244619.1 MULTISPECIES: RNA polymerase sigma factor SigF [Synechococcus],WP_011244619.1,Synechococcus,MULTISPECIES: RNA polymerase sigma factor SigF,bacteria,WP_011244619.1_bacteria
WP_011243265.1 MULTISPECIES: RpoD/SigA family RNA polymerase sigma factor [Synechococcus],WP_011243265.1,Synechococcus,MULTISPECIES: RpoD/SigA family RNA polymerase sigma factor,bacteria,WP_011243265.1_bacteria
"WP_011377675.1 MULTISPECIES: RNA polymerase sigma factor, RpoD/SigA family [Synechococcus]",WP_011377675.1,Synechococcus,"MULTISPECIES: RNA polymerase sigma factor, RpoD/SigA family",bacteria,WP_011377675.1_bacteria
WP_011244655.1 circadian expression RNA polymerase sigma factor SigA2 [Synechococcus elongatus],WP_011244655.1,Synechococcus elongatus,circadian expression RNA polymerase sigma factor SigA2,bacteria,WP_011244655.1_bacteria
WP_011378081.1 MULTISPECIES: RpoD/SigA family RNA polymerase sigma factor [Synechococcus],WP_011378081.1,Synechococcus,MULTISPECIES: RpoD/SigA family RNA polymerase sigma factor,bacteria,WP_011378081.1_bacteria
WP_081422183.1 RNA polymerase sigma factor RpoD [Synechococcus elongatus],WP_081422183.1,Synechococcus elongatus,RNA polymerase sigma factor RpoD,bacteria,WP_081422183.1_bacteria
WP_011244555.1 MULTISPECIES: RNA polymerase sigma factor SigC [Synechococcus],WP_011244555.1,Synechococcus,MULTISPECIES: RNA polymerase sigma factor SigC,bacteria,WP_011244555.1_bacteria
NP_624912.1 RNA polymerase sigma factor sig8 [Streptomyces coelicolor A3(2)],NP_624912.1,Streptomyces coelicolor A3(2),RNA polymerase sigma factor sig8,bacteria,NP_624912.1_bacteria
NP_631334.1 RNA polymerase sigma factor [Streptomyces coelicolor A3(2)],NP_631334.1,Streptomyces coelicolor A3(2),RNA polymerase sigma factor,bacteria,NP_631334.1_bacteria
NP_627288.1 RNA polymerase sigma factor [Streptomyces coelicolor A3(2)],NP_627288.1,Streptomyces coelicolor A3(2),RNA polymerase sigma factor,bacteria,NP_627288.1_bacteria
NP_629755.1 RNA polymerase sigma factor WhiG [Streptomyces coelicolor A3(2)],NP_629755.1,Streptomyces coelicolor A3(2),RNA polymerase sigma factor WhiG,bacteria,NP_629755.1_bacteria
NP_628216.1 RNA polymerase sigma factor [Streptomyces coelicolor A3(2)],NP_628216.1,Streptomyces coelicolor A3(2),RNA polymerase sigma factor,bacteria,NP_628216.1_bacteria
NP_631369.1 RNA polymerase sigma factor [Streptomyces coelicolor A3(2)],NP_631369.1,Streptomyces coelicolor A3(2),RNA polymerase sigma factor,bacteria,NP_631369.1_bacteria
NP_630601.1 RNA polymerase sigma factor [Streptomyces coelicolor A3(2)],NP_630601.1,Streptomyces coelicolor A3(2),RNA polymerase sigma factor,bacteria,NP_630601.1_bacteria
NP_631395.1 RNA polymerase secondary sigma factor [Streptomyces coelicolor A3(2)],NP_631395.1,Streptomyces coelicolor A3(2),RNA polymerase secondary sigma factor,bacteria,NP_631395.1_bacteria
NP_628217.1 RNA polymerase sigma factor [Streptomyces coelicolor A3(2)],NP_628217.1,Streptomyces coelicolor A3(2),RNA polymerase sigma factor,bacteria,NP_628217.1_bacteria
NP_625194.1 RNA polymerase principal sigma factor HrdC [Streptomyces coelicolor A3(2)],NP_625194.1,Streptomyces coelicolor A3(2),RNA polymerase principal sigma factor HrdC,bacteria,NP_625194.1_bacteria
NP_627416.1 RNA polymerase principal sigma factor [Streptomyces coelicolor A3(2)],NP_627416.1,Streptomyces coelicolor A3(2),RNA polymerase principal sigma factor,bacteria,NP_627416.1_bacteria
NP_629389.1 RNA polymerase sigma factor [Streptomyces coelicolor A3(2)],NP_629389.1,Streptomyces coelicolor A3(2),RNA polymerase sigma factor,bacteria,NP_629389.1_bacteria
NP_629943.1 RNA polymerase sigma factor [Streptomyces coelicolor A3(2)],NP_629943.1,Streptomyces coelicolor A3(2),RNA polymerase sigma factor,bacteria,NP_629943.1_bacteria
NP_626707.1 RNA polymerase principal sigma factor [Streptomyces coelicolor A3(2)],NP_626707.1,Streptomyces coelicolor A3(2),RNA polymerase principal sigma factor,bacteria,NP_626707.1_bacteria
WP_170864009.1 MULTISPECIES: RNA polymerase sigma factor FliA [Ralstonia],WP_170864009.1,Ralstonia,MULTISPECIES: RNA polymerase sigma factor FliA,bacteria,WP_170864009.1_bacteria
WP_011000337.1 MULTISPECIES: RNA polymerase sigma factor RpoH [Ralstonia],WP_011000337.1,Ralstonia,MULTISPECIES: RNA polymerase sigma factor RpoH,bacteria,WP_011000337.1_bacteria
WP_011001157.1 MULTISPECIES: RNA polymerase sigma factor RpoS [Ralstonia],WP_011001157.1,Ralstonia,MULTISPECIES: RNA polymerase sigma factor RpoS,bacteria,WP_011001157.1_bacteria
WP_038962216.1 MULTISPECIES: RNA polymerase sigma factor RpoD [Ralstonia],WP_038962216.1,Ralstonia,MULTISPECIES: RNA polymerase sigma factor RpoD,bacteria,WP_038962216.1_bacteria
NP_249067.1 RNA polymerase sigma factor RpoH [Pseudomonas aeruginosa PAO1],NP_249067.1,Pseudomonas aeruginosa PAO1,RNA polymerase sigma factor RpoH,bacteria,NP_249067.1_bacteria
NP_250146.1 flagellar biosynthesis sigma factor FliA [Pseudomonas aeruginosa PAO1],NP_250146.1,Pseudomonas aeruginosa PAO1,flagellar biosynthesis sigma factor FliA,bacteria,NP_250146.1_bacteria
NP_249267.1 RNA polymerase sigma factor RpoD [Pseudomonas aeruginosa PAO1],NP_249267.1,Pseudomonas aeruginosa PAO1,RNA polymerase sigma factor RpoD,bacteria,NP_249267.1_bacteria
NP_252312.1 RNA polymerase sigma factor RpoS [Pseudomonas aeruginosa PAO1],NP_252312.1,Pseudomonas aeruginosa PAO1,RNA polymerase sigma factor RpoS,bacteria,NP_252312.1_bacteria
WP_011131610.1 RpoD/SigA family RNA polymerase sigma factor [Prochlorococcus marinus],WP_011131610.1,Prochlorococcus marinus,RpoD/SigA family RNA polymerase sigma factor,bacteria,WP_011131610.1_bacteria
WP_011129835.1 sigma-70 family RNA polymerase sigma factor [Prochlorococcus marinus],WP_011129835.1,Prochlorococcus marinus,sigma-70 family RNA polymerase sigma factor,bacteria,WP_011129835.1_bacteria
WP_011130440.1 RpoD/SigA family RNA polymerase sigma factor [Prochlorococcus marinus],WP_011130440.1,Prochlorococcus marinus,RpoD/SigA family RNA polymerase sigma factor,bacteria,WP_011130440.1_bacteria
WP_157859911.1 RpoD/SigA family RNA polymerase sigma factor [Prochlorococcus marinus],WP_157859911.1,Prochlorococcus marinus,RpoD/SigA family RNA polymerase sigma factor,bacteria,WP_157859911.1_bacteria
WP_011129725.1 RpoD/SigA family RNA polymerase sigma factor [Prochlorococcus marinus],WP_011129725.1,Prochlorococcus marinus,RpoD/SigA family RNA polymerase sigma factor,bacteria,WP_011129725.1_bacteria
"WP_011131581.1 RNA polymerase sigma factor, RpoD/SigA family [Prochlorococcus marinus]",WP_011131581.1,Prochlorococcus marinus,"RNA polymerase sigma factor, RpoD/SigA family",bacteria,WP_011131581.1_bacteria
WP_041384505.1 RNA polymerase sigma factor RpoD [Prochlorococcus marinus],WP_041384505.1,Prochlorococcus marinus,RNA polymerase sigma factor RpoD,bacteria,WP_041384505.1_bacteria
WP_012457665.1 RNA polymerase sigma factor RpoD/SigA [Porphyromonas gingivalis],WP_012457665.1,Porphyromonas gingivalis,RNA polymerase sigma factor RpoD/SigA,bacteria,WP_012457665.1_bacteria
WP_011552512.1 MULTISPECIES: sigma-70 family RNA polymerase sigma factor [Myxococcus],WP_011552512.1,Myxococcus,MULTISPECIES: sigma-70 family RNA polymerase sigma factor,bacteria,WP_011552512.1_bacteria
WP_026113872.1 MULTISPECIES: sigma-70 family RNA polymerase sigma factor [Myxococcus],WP_026113872.1,Myxococcus,MULTISPECIES: sigma-70 family RNA polymerase sigma factor,bacteria,WP_026113872.1_bacteria
WP_011556153.1 MULTISPECIES: RNA polymerase factor sigma-32 [Myxococcus],WP_011556153.1,Myxococcus,MULTISPECIES: RNA polymerase factor sigma-32,bacteria,WP_011556153.1_bacteria
WP_020478755.1 MULTISPECIES: RNA polymerase factor sigma-32 [Myxococcus],WP_020478755.1,Myxococcus,MULTISPECIES: RNA polymerase factor sigma-32,bacteria,WP_020478755.1_bacteria
WP_026113799.1 MULTISPECIES: RNA polymerase factor sigma-32 [Myxococcus],WP_026113799.1,Myxococcus,MULTISPECIES: RNA polymerase factor sigma-32,bacteria,WP_026113799.1_bacteria
WP_020478595.1 MULTISPECIES: sigma-70 family RNA polymerase sigma factor [Myxococcus],WP_020478595.1,Myxococcus,MULTISPECIES: sigma-70 family RNA polymerase sigma factor,bacteria,WP_020478595.1_bacteria
WP_011555174.1 MULTISPECIES: RNA polymerase sigma factor RpoD [Myxococcus],WP_011555174.1,Myxococcus,MULTISPECIES: RNA polymerase sigma factor RpoD,bacteria,WP_011555174.1_bacteria
NP_217803.1 RNA polymerase sigma factor SigF [Mycobacterium tuberculosis H37Rv],NP_217803.1,Mycobacterium tuberculosis H37Rv,RNA polymerase sigma factor SigF,bacteria,NP_217803.1_bacteria
NP_217226.1 RNA polymerase sigma factor SigB [Mycobacterium tuberculosis H37Rv],NP_217226.1,Mycobacterium tuberculosis H37Rv,RNA polymerase sigma factor SigB,bacteria,NP_217226.1_bacteria
NP_217219.1 RNA polymerase sigma factor SigA [Mycobacterium tuberculosis H37Rv],NP_217219.1,Mycobacterium tuberculosis H37Rv,RNA polymerase sigma factor SigA,bacteria,NP_217219.1_bacteria
NP_464421.1 RNA polymerase sigma factor SigB [Listeria monocytogenes EGD-e],NP_464421.1,Listeria monocytogenes EGD-e,RNA polymerase sigma factor SigB,bacteria,NP_464421.1_bacteria
NP_464979.1 RNA polymerase sigma factor RpoD [Listeria monocytogenes EGD-e],NP_464979.1,Listeria monocytogenes EGD-e,RNA polymerase sigma factor RpoD,bacteria,NP_464979.1_bacteria
WP_000602430.1 RNA polymerase sigma factor FliA [Helicobacter pylori],WP_000602430.1,Helicobacter pylori,RNA polymerase sigma factor FliA,bacteria,WP_000602430.1_bacteria
WP_161595577.1 RNA polymerase sigma factor RpoD [Helicobacter pylori],WP_161595577.1,Helicobacter pylori,RNA polymerase sigma factor RpoD,bacteria,WP_161595577.1_bacteria
"NP_416432.3 RNA polymerase, sigma 28 (sigma F) factor [Escherichia coli str. K-12 substr. MG1655]",NP_416432.3,Escherichia coli str. K-12 substr. MG1655,"RNA polymerase, sigma 28 (sigma F) factor",bacteria,NP_416432.3_bacteria
"NP_417918.1 RNA polymerase, sigma 32 (sigma H) factor [Escherichia coli str. K-12 substr. MG1655]",NP_417918.1,Escherichia coli str. K-12 substr. MG1655,"RNA polymerase, sigma 32 (sigma H) factor",bacteria,NP_417918.1_bacteria
"NP_417221.1 RNA polymerase, sigma S (sigma 38) factor [Escherichia coli str. K-12 substr. MG1655]",NP_417221.1,Escherichia coli str. K-12 substr. MG1655,"RNA polymerase, sigma S (sigma 38) factor",bacteria,NP_417221.1_bacteria
"NP_417539.1 RNA polymerase, sigma 70 (sigma D) factor [Escherichia coli str. K-12 substr. MG1655]",NP_417539.1,Escherichia coli str. K-12 substr. MG1655,"RNA polymerase, sigma 70 (sigma D) factor",bacteria,NP_417539.1_bacteria
WP_003851800.1 MULTISPECIES: sigma-70 family RNA polymerase sigma factor [Corynebacterium],WP_003851800.1,Corynebacterium,MULTISPECIES: sigma-70 family RNA polymerase sigma factor,bacteria,WP_003851800.1_bacteria
WP_003851787.1 MULTISPECIES: RNA polymerase sigma factor [Corynebacterium],WP_003851787.1,Corynebacterium,MULTISPECIES: RNA polymerase sigma factor,bacteria,WP_003851787.1_bacteria
WP_009892548.1 RNA polymerase sporulation sigma factor SigH [Clostridioides difficile],WP_009892548.1,Clostridioides difficile,RNA polymerase sporulation sigma factor SigH,bacteria,WP_009892548.1_bacteria
WP_011860953.1 RNA polymerase sporulation sigma factor SigF [Clostridioides difficile],WP_011860953.1,Clostridioides difficile,RNA polymerase sporulation sigma factor SigF,bacteria,WP_011860953.1_bacteria
WP_003435969.1 FliA/WhiG family RNA polymerase sigma factor [Clostridioides difficile],WP_003435969.1,Clostridioides difficile,FliA/WhiG family RNA polymerase sigma factor,bacteria,WP_003435969.1_bacteria
WP_003420464.1 SigB/SigF/SigG family RNA polymerase sigma factor [Clostridioides difficile],WP_003420464.1,Clostridioides difficile,SigB/SigF/SigG family RNA polymerase sigma factor,bacteria,WP_003420464.1_bacteria
WP_003416098.1 RNA polymerase sporulation sigma factor SigE [Clostridioides difficile],WP_003416098.1,Clostridioides difficile,RNA polymerase sporulation sigma factor SigE,bacteria,WP_003416098.1_bacteria
WP_003416101.1 RNA polymerase sporulation sigma factor SigG [Clostridioides difficile],WP_003416101.1,Clostridioides difficile,RNA polymerase sporulation sigma factor SigG,bacteria,WP_003416101.1_bacteria
WP_009889336.1 sigma-70 family RNA polymerase sigma factor [Clostridioides difficile],WP_009889336.1,Clostridioides difficile,sigma-70 family RNA polymerase sigma factor,bacteria,WP_009889336.1_bacteria
WP_003429425.1 RNA polymerase sigma factor RpoD [Clostridioides difficile],WP_003429425.1,Clostridioides difficile,RNA polymerase sigma factor RpoD,bacteria,WP_003429425.1_bacteria
YP_002343525.1 flagellar biosynthesis RNA polymerase sigma factor [Campylobacter jejuni subsp. jejuni NCTC 11168 = ATCC 700819],YP_002343525.1,Campylobacter jejuni subsp. jejuni NCTC 11168 = ATCC 700819,flagellar biosynthesis RNA polymerase sigma factor,bacteria,YP_002343525.1_bacteria
YP_002344396.1 RNA polymerase sigma factor RpoD [Campylobacter jejuni subsp. jejuni NCTC 11168 = ATCC 700819],YP_002344396.1,Campylobacter jejuni subsp. jejuni NCTC 11168 = ATCC 700819,RNA polymerase sigma factor RpoD,bacteria,YP_002344396.1_bacteria
WP_002557358.1 MULTISPECIES: RNA polymerase sigma factor RpoS [Borreliaceae],WP_002557358.1,Borreliaceae,MULTISPECIES: RNA polymerase sigma factor RpoS,bacteria,WP_002557358.1_bacteria
WP_002656292.1 RNA polymerase sigma factor RpoD [Borreliella burgdorferi],WP_002656292.1,Borreliella burgdorferi,RNA polymerase sigma factor RpoD,bacteria,WP_002656292.1_bacteria
WP_025309100.1 RNA polymerase factor sigma-32 [Bdellovibrio bacteriovorus],WP_025309100.1,Bdellovibrio bacteriovorus,RNA polymerase factor sigma-32,bacteria,WP_025309100.1_bacteria
WP_025309103.1 FliA/WhiG family RNA polymerase sigma factor [Bdellovibrio bacteriovorus],WP_025309103.1,Bdellovibrio bacteriovorus,FliA/WhiG family RNA polymerase sigma factor,bacteria,WP_025309103.1_bacteria
WP_025306971.1 RNA polymerase sigma factor RpoD [Bdellovibrio bacteriovorus],WP_025306971.1,Bdellovibrio bacteriovorus,RNA polymerase sigma factor RpoD,bacteria,WP_025306971.1_bacteria
WP_008766632.1 MULTISPECIES: RNA polymerase sigma factor RpoD/SigA [Bacteroidaceae],WP_008766632.1,Bacteroidaceae,MULTISPECIES: RNA polymerase sigma factor RpoD/SigA,bacteria,WP_008766632.1_bacteria
WP_004398507.1 MULTISPECIES: RNA polymerase sigma factor SigZ [Bacillus],WP_004398507.1,Bacillus,MULTISPECIES: RNA polymerase sigma factor SigZ,bacteria,WP_004398507.1_bacteria
WP_004398891.1 MULTISPECIES: RNA polymerase sigma factor SigV [Bacillus],WP_004398891.1,Bacillus,MULTISPECIES: RNA polymerase sigma factor SigV,bacteria,WP_004398891.1_bacteria
WP_003246715.1 MULTISPECIES: RNA polymerase sigma factor SigB [Bacillus],WP_003246715.1,Bacillus,MULTISPECIES: RNA polymerase sigma factor SigB,bacteria,WP_003246715.1_bacteria
WP_003243678.1 MULTISPECIES: RNA polymerase sigma factor SigY [Bacilli],WP_003243678.1,Bacilli,MULTISPECIES: RNA polymerase sigma factor SigY,bacteria,WP_003243678.1_bacteria
WP_003225758.1 MULTISPECIES: RNA polymerase sporulation sigma factor SigH [Bacillaceae],WP_003225758.1,Bacillaceae,MULTISPECIES: RNA polymerase sporulation sigma factor SigH,bacteria,WP_003225758.1_bacteria
WP_003220911.1 MULTISPECIES: RNA polymerase sigma-28 factor SigD [Bacillaceae],WP_003220911.1,Bacillaceae,MULTISPECIES: RNA polymerase sigma-28 factor SigD,bacteria,WP_003220911.1_bacteria
WP_003230521.1 MULTISPECIES: RNA polymerase sigma factor SigX [Bacteria],WP_003230521.1,Bacteria,MULTISPECIES: RNA polymerase sigma factor SigX,bacteria,WP_003230521.1_bacteria
WP_003245485.1 MULTISPECIES: RNA polymerase sigma factor YlaC [Bacillus],WP_003245485.1,Bacillus,MULTISPECIES: RNA polymerase sigma factor YlaC,bacteria,WP_003245485.1_bacteria
WP_009967190.1 MULTISPECIES: RNA polymerase sporulation sigma factor SigG [Bacillus],WP_009967190.1,Bacillus,MULTISPECIES: RNA polymerase sporulation sigma factor SigG,bacteria,WP_009967190.1_bacteria
WP_003230458.1 MULTISPECIES: RNA polymerase sporulation sigma factor SigF [Bacillaceae],WP_003230458.1,Bacillaceae,MULTISPECIES: RNA polymerase sporulation sigma factor SigF,bacteria,WP_003230458.1_bacteria
WP_003221446.1 MULTISPECIES: RNA polymerase sporulation sigma factor SigE [Bacillaceae],WP_003221446.1,Bacillaceae,MULTISPECIES: RNA polymerase sporulation sigma factor SigE,bacteria,WP_003221446.1_bacteria
WP_003224177.1 MULTISPECIES: RNA polymerase sigma factor SigM [Bacillaceae],WP_003224177.1,Bacillaceae,MULTISPECIES: RNA polymerase sigma factor SigM,bacteria,WP_003224177.1_bacteria
WP_003234958.1 MULTISPECIES: RNA polymerase sigma factor SigW [Bacillus],WP_003234958.1,Bacillus,MULTISPECIES: RNA polymerase sigma factor SigW,bacteria,WP_003234958.1_bacteria
WP_003226225.1 MULTISPECIES: RNA polymerase sigma factor RpoD [Bacillaceae],WP_003226225.1,Bacillaceae,MULTISPECIES: RNA polymerase sigma factor RpoD,bacteria,WP_003226225.1_bacteria
WP_002025078.1 MULTISPECIES: sigma-70 family RNA polymerase sigma factor [Bacillus],WP_002025078.1,Bacillus,MULTISPECIES: sigma-70 family RNA polymerase sigma factor,bacteria,WP_002025078.1_bacteria
WP_000387193.1 MULTISPECIES: RNA polymerase sporulation sigma factor SigH [Bacillus],WP_000387193.1,Bacillus,MULTISPECIES: RNA polymerase sporulation sigma factor SigH,bacteria,WP_000387193.1_bacteria
WP_000350729.1 MULTISPECIES: RNA polymerase sporulation sigma factor SigF [Bacillus],WP_000350729.1,Bacillus,MULTISPECIES: RNA polymerase sporulation sigma factor SigF,bacteria,WP_000350729.1_bacteria
WP_000197755.1 MULTISPECIES: RNA polymerase sporulation sigma factor SigG [Bacillus],WP_000197755.1,Bacillus,MULTISPECIES: RNA polymerase sporulation sigma factor SigG,bacteria,WP_000197755.1_bacteria
WP_002164611.1 MULTISPECIES: RNA polymerase sigma factor SigB [Bacillus],WP_002164611.1,Bacillus,MULTISPECIES: RNA polymerase sigma factor SigB,bacteria,WP_002164611.1_bacteria
WP_000051382.1 MULTISPECIES: RNA polymerase sporulation sigma factor SigK [Bacillus],WP_000051382.1,Bacillus,MULTISPECIES: RNA polymerase sporulation sigma factor SigK,bacteria,WP_000051382.1_bacteria
WP_000976948.1 MULTISPECIES: RNA polymerase sporulation sigma factor SigE [Bacillus],WP_000976948.1,Bacillus,MULTISPECIES: RNA polymerase sporulation sigma factor SigE,bacteria,WP_000976948.1_bacteria
WP_000764065.1 MULTISPECIES: RNA polymerase sigma factor RpoD [Bacillus],WP_000764065.1,Bacillus,MULTISPECIES: RNA polymerase sigma factor RpoD,bacteria,WP_000764065.1_bacteria
WP_003491840.1 MULTISPECIES: RNA polymerase sigma factor RpoH [Rhizobium/Agrobacterium group],WP_003491840.1,Rhizobium/Agrobacterium group,MULTISPECIES: RNA polymerase sigma factor RpoH,bacteria,WP_003491840.1_bacteria
WP_003513359.1 MULTISPECIES: RNA polymerase sigma factor RpoD [Rhizobium/Agrobacterium group],WP_003513359.1,Rhizobium/Agrobacterium group,MULTISPECIES: RNA polymerase sigma factor RpoD,bacteria,WP_003513359.1_bacteria
